<Nini>
<!--
  <Section Name="Example Library">
    <Key Name="folderID" Value="12345678-1234-1234-1234-1234567890ab"/>
    <Key Name="parentFolderID" Value="00000112-000f-0000-0000-000100bba000"/>
    <Key Name="name" Value="Example Library"/>
    <Key Name="type" Value="0"/>
  </Section>
  -->
  
  <Section Name="Clothing Library">
    <Key Name="folderID" Value="b75056e0-b9bf-11dc-95ff-0800200c9a66"/>
    <Key Name="parentFolderID" Value="00000112-000f-0000-0000-000100bba000"/>
    <Key Name="name" Value="Clothing Library"/>
    <Key Name="type" Value="5"/>
  </Section>
</Nini>
