<Nini>
<!--
  <Section Name="Example Library">
    <Key Name="folderID" Value="12345678-1234-1234-1234-1234567890ab"/>
    <Key Name="parentFolderID" Value="00000112-000f-0000-0000-000100bba000"/>
    <Key Name="name" Value="Example Library"/>
    <Key Name="type" Value="0"/>
  </Section>
  -->
  
  <Section Name="Texture Library">
    <Key Name="folderID" Value="00000112-000f-0000-0000-000100bba001"/>
    <Key Name="parentFolderID" Value="00000112-000f-0000-0000-000100bba000"/>
    <Key Name="name" Value="Texture Library"/>
    <Key Name="type" Value="0"/>
  </Section>
</Nini>
