<Nini>
<!--
  <Section Name="Example Library">
    <Key Name="folderID" Value="12345678-1234-1234-1234-1234567890ab"/>
    <Key Name="parentFolderID" Value="00000112-000f-0000-0000-000100bba000"/>
    <Key Name="name" Value="Example Library"/>
    <Key Name="type" Value="0"/>
  </Section>
  -->
  
  <Section Name="Gestures Library">
    <Key Name="folderID" Value="8e1e3a30-b9bf-11dc-95ff-0800200c9a66"/>
    <Key Name="parentFolderID" Value="00000112-000f-0000-0000-000100bba000"/>
    <Key Name="name" Value="Gestures Library"/>
    <Key Name="type" Value="21"/>
  </Section>
</Nini>
